accuracy,balanced_accuracy,f1_macro,f1_weighted,kappa,auc,method,fold,n_train,n_test
0.8214285714285714,0.8863636363636364,0.7888386123680242,0.8362421891833656,0.5930232558139534,0.856060606060606,Tucker+MLP,0,112,28
0.6071428571428571,0.5075757575757576,0.49918699186991866,0.6320557491289199,0.012820512820512775,0.6893939393939393,Tucker(arinmis)+MLP,0,112,28
0.8214285714285714,0.8863636363636364,0.7888386123680242,0.8362421891833656,0.5930232558139534,0.9166666666666666,Demo+LogReg,0,112,28
0.6428571428571429,0.7727272727272727,0.625668449197861,0.6715049656226127,0.3396226415094339,0.856060606060606,Tucker+Demo+MLP,0,112,28
0.7857142857142857,0.5,0.44,0.6914285714285714,0.0,0.5,Dummy(cogunluk),0,112,28
0.6785714285714286,0.6742424242424242,0.6199095022624435,0.7052359405300582,0.2674418604651162,0.7803030303030303,Tucker+MLP,1,112,28
0.6785714285714286,0.6136363636363636,0.5902439024390245,0.6989547038327526,0.1923076923076923,0.7424242424242424,Tucker(arinmis)+MLP,1,112,28
0.9642857142857143,0.9772727272727273,0.9499105545617174,0.965244058267314,0.9,0.9696969696969697,Demo+LogReg,1,112,28
0.75,0.7196969696969697,0.6813008130081301,0.7658536585365853,0.3717948717948718,0.8106060606060606,Tucker+Demo+MLP,1,112,28
0.7857142857142857,0.5,0.44,0.6914285714285714,0.0,0.5,Dummy(cogunluk),1,112,28
0.6071428571428571,0.5075757575757576,0.49918699186991866,0.6320557491289199,0.012820512820512775,0.5454545454545454,Tucker+MLP,2,112,28
0.6785714285714286,0.553030303030303,0.5491949910554561,0.6871965244058267,0.09999999999999998,0.5984848484848485,Tucker(arinmis)+MLP,2,112,28
0.6785714285714286,0.49242424242424243,0.49090909090909096,0.6675324675324675,-0.016129032258064502,0.45075757575757575,Demo+LogReg,2,112,28
0.6785714285714286,0.6136363636363636,0.5902439024390245,0.6989547038327526,0.1923076923076923,0.5757575757575757,Tucker+Demo+MLP,2,112,28
0.7857142857142857,0.5,0.44,0.6914285714285714,0.0,0.5,Dummy(cogunluk),2,112,28
0.75,0.7196969696969697,0.6813008130081301,0.7658536585365853,0.3717948717948718,0.6439393939393939,Tucker+MLP,3,112,28
0.4642857142857143,0.4772727272727273,0.42857142857142855,0.5102040816326531,-0.02941176470588225,0.5833333333333333,Tucker(arinmis)+MLP,3,112,28
0.75,0.7196969696969697,0.6813008130081301,0.7658536585365853,0.3717948717948718,0.7007575757575758,Demo+LogReg,3,112,28
0.7142857142857143,0.696969696969697,0.65,0.7357142857142858,0.31707317073170727,0.7424242424242424,Tucker+Demo+MLP,3,112,28
0.7857142857142857,0.5,0.44,0.6914285714285714,0.0,0.5,Dummy(cogunluk),3,112,28
0.75,0.7196969696969697,0.6813008130081301,0.7658536585365853,0.3717948717948718,0.803030303030303,Tucker+MLP,4,112,28
0.7857142857142857,0.8636363636363636,0.7543859649122806,0.8045112781954887,0.5333333333333333,0.8787878787878788,Tucker(arinmis)+MLP,4,112,28
0.6428571428571429,0.7121212121212122,0.6111111111111112,0.6746031746031746,0.2857142857142857,0.8219696969696969,Demo+LogReg,4,112,28
0.6785714285714286,0.6136363636363636,0.5902439024390245,0.6989547038327526,0.1923076923076923,0.7954545454545454,Tucker+Demo+MLP,4,112,28
0.7857142857142857,0.5,0.44,0.6914285714285714,0.0,0.5,Dummy(cogunluk),4,112,28
0.7142857142857143,0.6363636363636364,0.6190476190476191,0.727891156462585,0.2432432432432432,0.7424242424242424,Tucker+MLP,5,112,28
0.5357142857142857,0.46212121212121215,0.4509803921568627,0.5742296918767507,-0.058139534883721034,0.5378787878787878,Tucker(arinmis)+MLP,5,112,28
0.7857142857142857,0.803030303030303,0.7375,0.8017857142857142,0.4878048780487805,0.8030303030303031,Demo+LogReg,5,112,28
0.6785714285714286,0.7348484848484849,0.6415362731152205,0.7073765494818127,0.32978723404255317,0.75,Tucker+Demo+MLP,5,112,28
0.7857142857142857,0.5,0.44,0.6914285714285714,0.0,0.5,Dummy(cogunluk),5,112,28
0.75,0.7196969696969697,0.6813008130081301,0.7658536585365853,0.3717948717948718,0.6969696969696969,Tucker+MLP,6,112,28
0.5714285714285714,0.606060606060606,0.5333333333333333,0.6095238095238095,0.1428571428571429,0.5454545454545454,Tucker(arinmis)+MLP,6,112,28
0.8571428571428571,0.9090909090909092,0.825,0.8678571428571429,0.6585365853658536,0.8712121212121212,Demo+LogReg,6,112,28
0.7857142857142857,0.7424242424242424,0.7142857142857142,0.7959183673469388,0.43243243243243246,0.7727272727272727,Tucker+Demo+MLP,6,112,28
0.7857142857142857,0.5,0.44,0.6914285714285714,0.0,0.5,Dummy(cogunluk),6,112,28
0.6428571428571429,0.5303030303030303,0.5238095238095237,0.6598639455782312,0.05405405405405406,0.5757575757575757,Tucker+MLP,7,112,28
0.5357142857142857,0.5227272727272727,0.4822190611664296,0.5773216825848405,0.031914893617021156,0.6363636363636365,Tucker(arinmis)+MLP,7,112,28
0.7142857142857143,0.5757575757575758,0.5757575757575758,0.7142857142857143,0.1515151515151515,0.5909090909090909,Demo+LogReg,7,112,28
0.6428571428571429,0.6515151515151515,0.5906432748538011,0.6741854636591479,0.2222222222222222,0.7348484848484849,Tucker+Demo+MLP,7,112,28
0.7857142857142857,0.5,0.44,0.6914285714285714,0.0,0.5,Dummy(cogunluk),7,112,28
0.75,0.6590909090909092,0.6493738819320215,0.7567084078711986,0.30000000000000004,0.6742424242424243,Tucker+MLP,8,112,28
0.6785714285714286,0.6742424242424242,0.6199095022624435,0.7052359405300582,0.2674418604651162,0.7424242424242424,Tucker(arinmis)+MLP,8,112,28
0.7142857142857143,0.6363636363636364,0.6190476190476191,0.727891156462585,0.2432432432432432,0.7196969696969697,Demo+LogReg,8,112,28
0.5714285714285714,0.5454545454545454,0.5087719298245614,0.6090225563909775,0.06666666666666665,0.6439393939393939,Tucker+Demo+MLP,8,112,28
0.7857142857142857,0.5,0.44,0.6914285714285714,0.0,0.5,Dummy(cogunluk),8,112,28
0.5714285714285714,0.5454545454545454,0.5087719298245614,0.6090225563909775,0.06666666666666665,0.5681818181818181,Tucker+MLP,9,112,28
0.6785714285714286,0.6136363636363636,0.5902439024390245,0.6989547038327526,0.1923076923076923,0.5454545454545454,Tucker(arinmis)+MLP,9,112,28
0.75,0.7803030303030303,0.7043740573152337,0.770739064856712,0.43023255813953487,0.8674242424242424,Demo+LogReg,9,112,28
0.6071428571428571,0.5681818181818181,0.5354449472096531,0.6397328162034045,0.10465116279069764,0.49242424242424243,Tucker+Demo+MLP,9,112,28
0.7857142857142857,0.5,0.44,0.6914285714285714,0.0,0.5,Dummy(cogunluk),9,112,28
0.6785714285714286,0.6136363636363636,0.5902439024390245,0.6989547038327526,0.1923076923076923,0.696969696969697,Tucker+MLP,10,112,28
0.4642857142857143,0.4772727272727273,0.42857142857142855,0.5102040816326531,-0.02941176470588225,0.5909090909090908,Tucker(arinmis)+MLP,10,112,28
0.75,0.7803030303030303,0.7043740573152337,0.770739064856712,0.43023255813953487,0.7689393939393939,Demo+LogReg,10,112,28
0.7142857142857143,0.6363636363636364,0.6190476190476191,0.727891156462585,0.2432432432432432,0.8333333333333334,Tucker+Demo+MLP,10,112,28
0.7857142857142857,0.5,0.44,0.6914285714285714,0.0,0.5,Dummy(cogunluk),10,112,28
0.75,0.6590909090909092,0.6493738819320215,0.7567084078711986,0.30000000000000004,0.5681818181818182,Tucker+MLP,11,112,28
0.6071428571428571,0.5681818181818181,0.5354449472096531,0.6397328162034045,0.10465116279069764,0.6590909090909091,Tucker(arinmis)+MLP,11,112,28
0.7142857142857143,0.696969696969697,0.65,0.7357142857142858,0.31707317073170727,0.7765151515151515,Demo+LogReg,11,112,28
0.75,0.6590909090909092,0.6493738819320215,0.7567084078711986,0.30000000000000004,0.6136363636363636,Tucker+Demo+MLP,11,112,28
0.7857142857142857,0.5,0.44,0.6914285714285714,0.0,0.5,Dummy(cogunluk),11,112,28
0.7142857142857143,0.6363636363636364,0.6190476190476191,0.727891156462585,0.2432432432432432,0.6893939393939394,Tucker+MLP,12,112,28
0.6428571428571429,0.5303030303030303,0.5238095238095237,0.6598639455782312,0.05405405405405406,0.6136363636363636,Tucker(arinmis)+MLP,12,112,28
0.6785714285714286,0.6742424242424242,0.6199095022624435,0.7052359405300582,0.2674418604651162,0.8181818181818181,Demo+LogReg,12,112,28
0.7142857142857143,0.8181818181818181,0.6888888888888889,0.7396825396825396,0.4285714285714286,0.75,Tucker+Demo+MLP,12,112,28
0.7857142857142857,0.5,0.44,0.6914285714285714,0.0,0.5,Dummy(cogunluk),12,112,28
0.7142857142857143,0.696969696969697,0.65,0.7357142857142858,0.31707317073170727,0.7045454545454545,Tucker+MLP,13,112,28
0.6785714285714286,0.6742424242424242,0.6199095022624435,0.7052359405300582,0.2674418604651162,0.6666666666666666,Tucker(arinmis)+MLP,13,112,28
0.75,0.7803030303030303,0.7043740573152337,0.770739064856712,0.43023255813953487,0.8977272727272727,Demo+LogReg,13,112,28
0.6428571428571429,0.6515151515151515,0.5906432748538011,0.6741854636591479,0.2222222222222222,0.7045454545454545,Tucker+Demo+MLP,13,112,28
0.7857142857142857,0.5,0.44,0.6914285714285714,0.0,0.5,Dummy(cogunluk),13,112,28
0.6071428571428571,0.6287878787878788,0.561877667140825,0.6423491160333266,0.1808510638297871,0.696969696969697,Tucker+MLP,14,112,28
0.6785714285714286,0.6742424242424242,0.6199095022624435,0.7052359405300582,0.2674418604651162,0.7272727272727273,Tucker(arinmis)+MLP,14,112,28
0.75,0.7196969696969697,0.6813008130081301,0.7658536585365853,0.3717948717948718,0.6893939393939393,Demo+LogReg,14,112,28
0.6428571428571429,0.5909090909090908,0.5625,0.6696428571428571,0.14634146341463405,0.7575757575757575,Tucker+Demo+MLP,14,112,28
0.7857142857142857,0.5,0.44,0.6914285714285714,0.0,0.5,Dummy(cogunluk),14,112,28
